ini_filename,matched_scen,detected_purpose,extracted_title,author,db_ref,script_refs,notes
"119 Squadron Makes a Little Noise, 2021.ini",True,scenario_units_patch,"119 Squadron Makes a Little Noise, 2021",,,,
"2nd Fleet, Sink The Boomers (Scenario 2), 1986.ini",True,mini_stub,"2nd Fleet, Sink The Boomers (Scenario 2), 1986",,,,
"688 Attack Sub 4, Mumar Cadaver, 1989.ini",True,scenario_units_patch,"688 Attack Sub 4, Mumar Cadaver, 1989",,,,
"688 Attack Sub 8, Surprise Party, 1989.ini",True,scenario_units_patch,"688 Attack Sub 8, Surprise Party, 1989",,,,
"A Day at Red Flag, 1977.ini",True,mini_stub,"A Day at Red Flag, 1977",,,,
"A Matter of Sovereignty, 2022.ini",True,scenario_units_patch,"A Matter of Sovereignty, 2022",,,,
"A New World, 2005.ini",True,mini_stub,"A New World, 2005",,,,
"ASW EX1971 Spanish Coast, 1971.ini",True,scenario_units_patch,"ASW EX1971 Spanish Coast, 1971",,,,
"ASW Exercise, 2006.ini",True,scenario_units_patch,"ASW Exercise, 2006",,,,
"Action in the Bay of Vlore, 1969.ini",True,scenario_units_patch,"Action in the Bay of Vlore, 1969",,,,
"Aden, North Yemen Civil War, The Egypian Vietnam, 1965.ini",True,scenario_units_patch,"Aden, North Yemen Civil War, The Egypian Vietnam, 1965",,,,
"Aegean Hunting Party, 1968.ini",True,scenario_units_patch,"Aegean Hunting Party, 1968",,,,
"Air Battle - July 28, 2020.ini",True,scenario_units_patch,"Air Battle - July 28, 2020",,,,
"Air Battle - The Litani River, 2017.ini",True,scenario_units_patch,"Air Battle - The Litani River, 2017",,,,
"Air Battle over Berat-Kuçovë, 2021.ini",True,scenario_units_patch,"Air Battle over Berat-Kuçovë, 2021",,,,
"Air Battle over Metema, 2019.ini",True,scenario_units_patch,"Air Battle over Metema, 2019",,,,
"Air Incident over Mageroya, 2020.ini",True,scenario_units_patch,"Air Incident over Mageroya, 2020",,,,
"Airstrikes on Zinder, 2025.ini",True,scenario_units_patch,"Airstrikes on Zinder, 2025",,,,
"Albania Airstrike, 1984.ini",True,scenario_units_patch,"Albania Airstrike, 1984",,,,
"Albania Strikes Again, 1984 (No Aircraft Damage).ini",True,mini_stub,"Albania Strikes Again, 1984 (No Aircraft Damage)",,,,
"Albania Strikes Again, 1984.ini",True,scenario_units_patch,"Albania Strikes Again, 1984",,,,
"Alfa Wolfpack, 1987.ini",True,scenario_units_patch,"Alfa Wolfpack, 1987",,,,
"Ambalat, 2025.ini",True,scenario_units_patch,"Ambalat, 2025",,,,
"Ancient Armies, Modern Weapons, 2014.ini",True,scenario_units_patch,"Ancient Armies, Modern Weapons, 2014",,,,
"Andaman Sea Clash, 2005.ini",True,scenario_units_patch,"Andaman Sea Clash, 2005",,,,
"Andaman and Nicobar Islands, 2024.ini",True,scenario_units_patch,"Andaman and Nicobar Islands, 2024",,,,
"Andromeda at the Ready, 1984.ini",True,scenario_units_patch,"Andromeda at the Ready, 1984",,,,
"Angamos Goes the Distance, 1980.ini",True,mini_stub,"Angamos Goes the Distance, 1980",,,,
"Annaba Constant, 1960.ini",True,scenario_units_patch,"Annaba Constant, 1960",,,,
"April Storm 1 - The New Eastern Front, 1996.ini",True,scenario_units_patch,"April Storm 1 - The New Eastern Front, 1996",,,,
"Arctic Tsunami, 2019.ini",True,scenario_units_patch,"Arctic Tsunami, 2019",,,,
"Assalto in Pakistan, 2018.ini",True,scenario_units_patch,"Assalto in Pakistan, 2018",,,,
"Assault on Al Tanf, 2024.ini",True,scenario_units_patch,"Assault on Al Tanf, 2024",,,,
"Assault on Banak, 1985.ini",True,mini_stub,"Assault on Banak, 1985",,,,
"Atlantic Convoy Duty, 1985.ini",True,scenario_units_patch,"Atlantic Convoy Duty, 1985",,,,
"Attack Sub Duel off Hokkaido, 2003.ini",True,scenario_units_patch,"Attack Sub Duel off Hokkaido, 2003",,,,
"Attack on H-3, 1981.ini",True,scenario_units_patch,"Attack on H-3, 1981",,,,
"BALTAP - Break Through The Sound, 1963.ini",True,scenario_units_patch,"BALTAP - Break Through The Sound, 1963",,,,
"BALTAP - Close down Mukran, 1987.ini",True,scenario_units_patch,"BALTAP - Close down Mukran, 1987",,,,
"BALTAP - Hunting in Skagerrak, 1983.ini",True,mini_stub,"BALTAP - Hunting in Skagerrak, 1983",,,,
"BALTAP - Minesweeping Kiel Bight, 1983.ini",True,scenario_units_patch,"BALTAP - Minesweeping Kiel Bight, 1983",,,,
"BALTAP - Mining Fehmarn Belt, 1983.ini",True,scenario_units_patch,"BALTAP - Mining Fehmarn Belt, 1983",,,,
"BALTAP - Repräsentative Schnellbootlage - 10 Years Later, 1980.ini",True,scenario_units_patch,"BALTAP - Repräsentative Schnellbootlage - 10 Years Later, 1980",,,,
"BALTAP - Repräsentative Schnellbootlage, 1970.ini",True,scenario_units_patch,"BALTAP - Repräsentative Schnellbootlage, 1970",,,,
"Bab al-Mandab Strait, Yemen, 2024.ini",True,scenario_units_patch,"Bab al-Mandab Strait, Yemen, 2024",,,,
"Baltic Ballet, 2019.ini",True,scenario_units_patch,"Baltic Ballet, 2019",,,,
"Baltic on Fire, 1988.ini",True,scenario_units_patch,"Baltic on Fire, 1988",,,,
"Baltimore on the Prowl, 1952.ini",True,scenario_units_patch,"Baltimore on the Prowl, 1952",,,,
"Battle Ocean 64 - Baltic Convoy, 1964.ini",True,scenario_units_patch,"Battle Ocean 64 - Baltic Convoy, 1964",,,,
"Battle Ocean 64 - North Sea ASW, 1964.ini",True,scenario_units_patch,"Battle Ocean 64 - North Sea ASW, 1964",,,,
"Battle Ocean 64 - Teesport Convoy, 1964.ini",True,scenario_units_patch,"Battle Ocean 64 - Teesport Convoy, 1964",,,,
"Battle of Kodel Channel (The War That Never Was) Warsaw Pact, 1989.ini",True,scenario_units_patch,"Battle of Kodel Channel (The War That Never Was) Warsaw Pact, 1989",,,,
"Battle of Strait of Tiran, 1978.ini",True,mini_stub,"Battle of Strait of Tiran, 1978",,,,
"Battle of Yavin, 1980.ini",True,scenario_units_patch,"Battle of Yavin, 1980",,,,
"Battle of the First Salvo, Eastern Med (The War That Never Was), 1989.ini",True,scenario_units_patch,"Battle of the First Salvo, Eastern Med (The War That Never Was), 1989",,,,
"Battles of the 3rd WW, Tattletale, 1991.ini",True,scenario_units_patch,"Battles of the 3rd WW, Tattletale, 1991",,,,
"Bay Of Bengal, 1999.ini",True,scenario_units_patch,"Bay Of Bengal, 1999",,,,
"Bear Island, 2022.ini",True,scenario_units_patch,"Bear Island, 2022",,,,
"Bennys Sweep, 1958.ini",True,scenario_units_patch,"Bennys Sweep, 1958",,,,
"Best of the West, Worst of the East, 1982.ini",True,scenario_units_patch,"Best of the West, Worst of the East, 1982",,,,
"Better Bullets AMRAAM, 1987.ini",True,scenario_units_patch,"Better Bullets AMRAAM, 1987",,,,
"Better Bullets SARH, 1987.ini",True,scenario_units_patch,"Better Bullets SARH, 1987",,,,
"Between Ascension and San Carlos - The Carrier Duel, 1982.ini",True,scenario_units_patch,"Between Ascension and San Carlos - The Carrier Duel, 1982",,,,
"Between Ascension and San Carlos, 1982.ini",True,scenario_units_patch,"Between Ascension and San Carlos, 1982",,,,
"Beyond Kashmir, 2019.ini",True,scenario_units_patch,"Beyond Kashmir, 2019",,,,
"Biddle Goes to Algeria, 1984.ini",True,scenario_units_patch,"Biddle Goes to Algeria, 1984",,,,
"Biddles Quandary, 1982.ini",True,scenario_units_patch,"Biddles Quandary, 1982",,,,
"Biddles Team, 1981.ini",True,scenario_units_patch,"Biddles Team, 1981",,,,
"Big Fish in the Baltic, 1971.ini",True,scenario_units_patch,"Big Fish in the Baltic, 1971",,,,
"Birmingham Strikes, 1992.ini",True,scenario_units_patch,"Birmingham Strikes, 1992",,,,
"Black Gold, 1985.ini",True,scenario_units_patch,"Black Gold, 1985",,,,
"Black Moon Sailing, 2014.ini",True,scenario_units_patch,"Black Moon Sailing, 2014",,,,
"Black Sea, 2019.ini",True,scenario_units_patch,"Black Sea, 2019",,,,
"Black Tiger I, 2015.ini",True,scenario_units_patch,"Black Tiger I, 2015",,,,
"Black Tiger II, 2015.ini",True,scenario_units_patch,"Black Tiger II, 2015",,,,
"Black Tiger III, 2015.ini",True,scenario_units_patch,"Black Tiger III, 2015",,,,
"Black Tiger IV, 2015.ini",True,scenario_units_patch,"Black Tiger IV, 2015",,,,
"Black Tiger V, 2015.ini",True,scenario_units_patch,"Black Tiger V, 2015",,,,
"Blood Diamonds, 2018.ini",True,mini_stub,"Blood Diamonds, 2018",,,,
"Bosphorus Blues (The War That Never Was) Warsaw Pact, 1989.ini",True,scenario_units_patch,"Bosphorus Blues (The War That Never Was) Warsaw Pact, 1989",,,,
"Bostons Battle, 1963.ini",True,scenario_units_patch,"Bostons Battle, 1963",,,,
"Bostons Brawl, 1963.ini",True,scenario_units_patch,"Bostons Brawl, 1963",,,,
"Brazil Abroad, 2015.ini",True,scenario_units_patch,"Brazil Abroad, 2015",,,,
"Breaking Bad, 2015.ini",True,scenario_units_patch,"Breaking Bad, 2015",,,,
"Buenos Aires Express, 1982.ini",True,scenario_units_patch,"Buenos Aires Express, 1982",,,,
"Building a Cage, 2005.ini",True,scenario_units_patch,"Building a Cage, 2005",,,,
"Busy Day in Burundi, 1976.ini",True,scenario_units_patch,"Busy Day in Burundi, 1976",,,,
"COMAO Training - Transport Day, 2014.ini",True,mini_stub,"COMAO Training - Transport Day, 2014",,,,
"CSG-21 in the Eastern Mediterranean, 2021.ini",True,scenario_units_patch,"CSG-21 in the Eastern Mediterranean, 2021",,,,
"CWC 1 Eve of Destruction, 1995.ini",True,scenario_units_patch,"CWC 1 Eve of Destruction, 1995",,,,
"Cable-tap, 2015.ini",True,mini_stub,"Cable-tap, 2015",,,,
"Cape Road, 2023.ini",True,scenario_units_patch,"Cape Road, 2023",,,,
"Caravan, 1982.ini",True,scenario_units_patch,"Caravan, 1982",,,,
"Caribbean Clinch, 1956.ini",True,scenario_units_patch,"Caribbean Clinch, 1956",,,,
"Caribbean Crisis - The Prelude, 2012.ini",True,scenario_units_patch,"Caribbean Crisis - The Prelude, 2012",,,,
"Caribbean Crisis - The Showdown, 2012.ini",True,scenario_units_patch,"Caribbean Crisis - The Showdown, 2012",,,,
"Caribbean Task Force Ruby, 1963.ini",True,mini_stub,"Caribbean Task Force Ruby, 1963",,,,
"Carribean March 21st, 2022.ini",True,scenario_units_patch,"Carribean March 21st, 2022",,,,
"Carrier Battle Group ASW test, 1984.ini",True,scenario_units_patch,"Carrier Battle Group ASW test, 1984",,,,
"Carrier Hunt, 2024.ini",True,scenario_units_patch,"Carrier Hunt, 2024",,,,
"Casamance 1 - Arrival, 1986.ini",True,scenario_units_patch,"Casamance 1 - Arrival, 1986",,,,
"Casamance 2 - Reconnaissance, 1986.ini",True,scenario_units_patch,"Casamance 2 - Reconnaissance, 1986",,,,
"Caspian Darts, 2018.ini",True,scenario_units_patch,"Caspian Darts, 2018",,,,
"Chafarinas, 2029.ini",True,scenario_units_patch,"Chafarinas, 2029",,,,
"Changjiang Strike, 2016.ini",True,scenario_units_patch,"Changjiang Strike, 2016",,,,
"Charlie Deuce Takes the Lead, 1970.ini",True,scenario_units_patch,"Charlie Deuce Takes the Lead, 1970",,,,
"Chilean Chevauchee, 1947.ini",True,mini_stub,"Chilean Chevauchee, 1947",,,,
"Chillied Sea Slugs, 1988.ini",True,scenario_units_patch,"Chillied Sea Slugs, 1988",,,,
"Closing the Kurile Gap US (The War That Never Was), 1989.ini",True,scenario_units_patch,"Closing the Kurile Gap US (The War That Never Was), 1989",,,,
"Closing the Kurile Gap USSR (The War That Never Was), 1989.ini",True,scenario_units_patch,"Closing the Kurile Gap USSR (The War That Never Was), 1989",,,,
"Cocos Islands Indian v Australia, 1978.ini",True,scenario_units_patch,"Cocos Islands Indian v Australia, 1978",,,,
"Coilers Halloween Iceland Adventure, 2018.ini",True,scenario_units_patch,"Coilers Halloween Iceland Adventure, 2018",,,,
"Comte de Grasse Squadron, 1988.ini",True,scenario_units_patch,"Comte de Grasse Squadron, 1988",,,,
"Confrontation near Tartus, 2017.ini",True,scenario_units_patch,"Confrontation near Tartus, 2017",,,,
"Connie and Qatif, 1980.ini",True,scenario_units_patch,"Connie and Qatif, 1980",,,,
"Container Wars, 2019.ini",True,scenario_units_patch,"Container Wars, 2019",,,,
"Contingency, 2016.ini",True,scenario_units_patch,"Contingency, 2016",,,,
"Convoy 88, 1988.ini",True,scenario_units_patch,"Convoy 88, 1988",,,,
"Coral Magpie, 2018.ini",True,scenario_units_patch,"Coral Magpie, 2018",,,,
"Corvette Group off Bressay, 2022.ini",True,scenario_units_patch,"Corvette Group off Bressay, 2022",,,,
"Crimea River, 2016.ini",True,scenario_units_patch,"Crimea River, 2016",,,,
"Crimean War Episodes - Operation Tiger Rifle, 2014.ini",True,scenario_units_patch,"Crimean War Episodes - Operation Tiger Rifle, 2014",,,,
"Crossing the Line of Death (The War That Never Was) NATO, 1989.ini",True,scenario_units_patch,"Crossing the Line of Death (The War That Never Was) NATO, 1989",,,,
"Curacao Crisis French Intervention, 2021.ini",True,scenario_units_patch,"Curacao Crisis French Intervention, 2021",,,,
Curacao Crisis US-UK Intervention 2021.ini,True,scenario_units_patch,Curacao Crisis US-UK Intervention 2021,,,,
"Cypriot Missile Crisis, 1999.ini",True,scenario_units_patch,"Cypriot Missile Crisis, 1999",,,,
"DACEX-14, 2014.ini",True,scenario_units_patch,"DACEX-14, 2014",,,,
"DCA Mini-EX, 2012.ini",True,mini_stub,"DCA Mini-EX, 2012",,,,
"Danger in the Aegean, 1946.ini",True,scenario_units_patch,"Danger in the Aegean, 1946",,,,
"Danjo Wall, 1991.ini",True,scenario_units_patch,"Danjo Wall, 1991",,,,
"Death from EABOve, 2027.ini",True,scenario_units_patch,"Death from EABOve, 2027",,,,
"Death of the Belgrano, 1982.ini",True,scenario_units_patch,"Death of the Belgrano, 1982",,,,
"Debt of Honor, 1996.ini",True,scenario_units_patch,"Debt of Honor, 1996",,,,
"Defending Northern Turkey, 1968.ini",True,scenario_units_patch,"Defending Northern Turkey, 1968",,,,
"Desperate Measures, 2016.ini",True,scenario_units_patch,"Desperate Measures, 2016",,,,
"Deter, Detect, Defend, 1962 CF-105 Variant.ini",True,mini_stub,"Deter, Detect, Defend, 1962 CF-105 Variant",,,,
"Deter, Detect, Defend, 1962.ini",True,scenario_units_patch,"Deter, Detect, Defend, 1962",,,,
"Disproportional Response, 2017.ini",True,scenario_units_patch,"Disproportional Response, 2017",,,,
"Duke of York Never Gives Up, 1950.ini",True,scenario_units_patch,"Duke of York Never Gives Up, 1950",,,,
"Dutch Convoy in the North Atlantic, 1963.ini",True,scenario_units_patch,"Dutch Convoy in the North Atlantic, 1963",,,,
"Dutch-Venezuelan Fishing Incident, 2025.ini",True,scenario_units_patch,"Dutch-Venezuelan Fishing Incident, 2025",,,,
"En Garde, 2013.ini",True,scenario_units_patch,"En Garde, 2013",,,,
"Enough is Enough, 2018.ini",True,scenario_units_patch,"Enough is Enough, 2018",,,,
"Escape from Port Harcourt, Nigeria 2022.ini",True,scenario_units_patch,"Escape from Port Harcourt, Nigeria 2022",,,,
"Etendards in Her Majestys Face, 1982.ini",True,mini_stub,"Etendards in Her Majestys Face, 1982",,,,
"Ex Pitch Black, 2017.ini",True,scenario_units_patch,"Ex Pitch Black, 2017",,,,
"Excellent Loon, 1976.ini",True,scenario_units_patch,"Excellent Loon, 1976",,,,
"Facing The Bear (The War That Never Was) USSR, 1989.ini",True,scenario_units_patch,"Facing The Bear (The War That Never Was) USSR, 1989",,,,
"Falkland War, 1982.ini",True,scenario_units_patch,"Falkland War, 1982",,,,
"Fall of Seoul, 1950.ini",True,scenario_units_patch,"Fall of Seoul, 1950",,,,
"Fiery Cross Reef, 2021.ini",True,scenario_units_patch,"Fiery Cross Reef, 2021",,,,
"Final Count Down, 1941.ini",True,scenario_units_patch,"Final Count Down, 1941",,,,
"First Battle of Donetsk Airport, 2014.ini",True,mini_stub,"First Battle of Donetsk Airport, 2014",,,,
"For The Honour Of The Republic, 1991.ini",True,scenario_units_patch,"For The Honour Of The Republic, 1991",,,,
"Forging On, 1986.ini",True,scenario_units_patch,"Forging On, 1986",,,,
"Four Ounces Can Move One Thousand Pounds, 2016.ini",True,scenario_units_patch,"Four Ounces Can Move One Thousand Pounds, 2016",,,,
"Four Ships near Demon Point, 1988.ini",True,scenario_units_patch,"Four Ships near Demon Point, 1988",,,,
"France Goes to Conakry, 1984.ini",True,scenario_units_patch,"France Goes to Conakry, 1984",,,,
"French Forces in the Gulf of Sidra, 1981.ini",True,scenario_units_patch,"French Forces in the Gulf of Sidra, 1981",,,,
"Frigate Duel in the Scotia Sea, 2023.ini",True,scenario_units_patch,"Frigate Duel in the Scotia Sea, 2023",,,,
"Frisian Flag, 2012.ini",True,scenario_units_patch,"Frisian Flag, 2012",,,,
"Frozen War, 2014.ini",True,scenario_units_patch,"Frozen War, 2014",,,,
"Fulda Gap, 1989.ini",True,scenario_units_patch,"Fulda Gap, 1989",,,,
"Galveston Gets a Mission, 1960.ini",True,scenario_units_patch,"Galveston Gets a Mission, 1960",,,,
"Give Them Hell, 2008.ini",True,scenario_units_patch,"Give Them Hell, 2008",,,,
"Giving Some Hell to Harry, 2022.ini",True,scenario_units_patch,"Giving Some Hell to Harry, 2022",,,,
"Good Morning Malvinas, 1982.ini",True,scenario_units_patch,"Good Morning Malvinas, 1982",,,,
"Goodnight Irene, 2016.ini",True,scenario_units_patch,"Goodnight Irene, 2016",,,,
"Great Asian War - Southwestern Front, 2018.ini",True,mini_stub,"Great Asian War - Southwestern Front, 2018",,,,
"Great Pacific War - Break out (Without Subs), 2020.ini",True,scenario_units_patch,"Great Pacific War - Break out (Without Subs), 2020",,,,
"Great Pacific War - Break out, 2020.ini",True,scenario_units_patch,"Great Pacific War - Break out, 2020",,,,
"Greek-Turkish EEZ Conflict - Greek Human, 2021.ini",True,scenario_units_patch,"Greek-Turkish EEZ Conflict - Greek Human, 2021",,,,
"Greek-Turkish EEZ Conflict - Turkish Human, 2021.ini",True,scenario_units_patch,"Greek-Turkish EEZ Conflict - Turkish Human, 2021",,,,
"Growler Vs. Growler, 2014.ini",True,scenario_units_patch,"Growler Vs. Growler, 2014",,,,
"Gulf of Mannar Confrontation, 1962.ini",True,scenario_units_patch,"Gulf of Mannar Confrontation, 1962",,,,
"Gulf of Sidra Incident, 1981.ini",True,scenario_units_patch,"Gulf of Sidra Incident, 1981",,,,
"Gulf of Tonkin incident, 1964.ini",True,mini_stub,"Gulf of Tonkin incident, 1964",,,,
"Halloween Horror, 1991.ini",True,scenario_units_patch,"Halloween Horror, 1991",,,,
"Hammana Lebanon Airstrike, 1983.ini",True,scenario_units_patch,"Hammana Lebanon Airstrike, 1983",,,,
"Hanukkah War, 2018.ini",True,scenario_units_patch,"Hanukkah War, 2018",,,,
"Harpoon, 1980.ini",True,scenario_units_patch,"Harpoon, 1980",,,,
"Hat Yai Air Raid, 2019.ini",True,scenario_units_patch,"Hat Yai Air Raid, 2019",,,,
"Havana Daydreamin, 2017.ini",True,scenario_units_patch,"Havana Daydreamin, 2017",,,,
"Hell of the East, 2019.ini",True,scenario_units_patch,"Hell of the East, 2019",,,,
"Helping Brothers, 1990.ini",True,scenario_units_patch,"Helping Brothers, 1990",,,,
"Here, There and Everywhere, 1965.ini",True,mini_stub,"Here, There and Everywhere, 1965",,,,
"Homerun, 1956.ini",True,scenario_units_patch,"Homerun, 1956",,,,
"Hormuz, 2020.ini",True,scenario_units_patch,"Hormuz, 2020",,,,
"Human Limitation, 1978.ini",True,scenario_units_patch,"Human Limitation, 1978",,,,
"Hungarian-Serbian Border Incident, 2017.ini",True,scenario_units_patch,"Hungarian-Serbian Border Incident, 2017",,,,
"Hunter-Killer Duel in the Celtic Sea, 1987.ini",True,scenario_units_patch,"Hunter-Killer Duel in the Celtic Sea, 1987",,,,
"Hunter-Killers, 1962.ini",True,scenario_units_patch,"Hunter-Killers, 1962",,,,
"Hunting Day, 2008.ini",True,scenario_units_patch,"Hunting Day, 2008",,,,
"In the Calmest Waters, 1985.ini",True,scenario_units_patch,"In the Calmest Waters, 1985",,,,
"Incident at Le Perouse Strait, 2014.ini",True,scenario_units_patch,"Incident at Le Perouse Strait, 2014",,,,
"Incident in the Gulf of Finland, 2024.ini",True,scenario_units_patch,"Incident in the Gulf of Finland, 2024",,,,
"Incirlik, 2021.ini",True,scenario_units_patch,"Incirlik, 2021",,,,
"Indian Ocean Brawl (The War That Never Was), 1989.ini",True,scenario_units_patch,"Indian Ocean Brawl (The War That Never Was), 1989",,,,
"Indonesian War - 1 - Convoy Lion, 1995.ini",True,scenario_units_patch,"Indonesian War - 1 - Convoy Lion, 1995",,,,
"Indonesian War - 2 - Air Battle Over Java, 1995.ini",True,scenario_units_patch,"Indonesian War - 2 - Air Battle Over Java, 1995",,,,
"Indonesian War - 3 - Spartan Goes Hunting, 1995.ini",True,scenario_units_patch,"Indonesian War - 3 - Spartan Goes Hunting, 1995",,,,
"Into the Dark NordKapp NATO, 1985.ini",True,scenario_units_patch,"Into the Dark NordKapp NATO, 1985",,,,
"Into the Dark NordKapp USSR, 1985.ini",True,scenario_units_patch,"Into the Dark NordKapp USSR, 1985",,,,
"Invasion Re-Invasion, 2025.ini",True,scenario_units_patch,"Invasion Re-Invasion, 2025",,,,
"Iran Airbase Attack Drill, 2014.ini",True,scenario_units_patch,"Iran Airbase Attack Drill, 2014",,,,
"Iran Strike, 2022.ini",True,scenario_units_patch,"Iran Strike, 2022",,,,
"Iran Strike, 2025.ini",True,scenario_units_patch,"Iran Strike, 2025",,,,
"Irish-Spanish Fish War, 2015.ini",True,mini_stub,"Irish-Spanish Fish War, 2015",,,,
"Israel Strikes, 2014.ini",True,scenario_units_patch,"Israel Strikes, 2014",,,,
"Iwo Jima Goes to Mozambique, 2024.ini",True,scenario_units_patch,"Iwo Jima Goes to Mozambique, 2024",,,,
"Jean Moulin Rouge, 1994.ini",True,scenario_units_patch,"Jean Moulin Rouge, 1994",,,,
"Jeannes Last Jaunt, 2009.ini",True,scenario_units_patch,"Jeannes Last Jaunt, 2009",,,,
"Kanton Island - Kiribati, 2024.ini",True,scenario_units_patch,"Kanton Island - Kiribati, 2024",,,,
"Karachi Blockade, 2020.ini",True,scenario_units_patch,"Karachi Blockade, 2020",,,,
"Kearsarge Comes to Pemba Island, 1967.ini",True,scenario_units_patch,"Kearsarge Comes to Pemba Island, 1967",,,,
"Kharg Island, 2024.ini",True,scenario_units_patch,"Kharg Island, 2024",,,,
"Khasab Helicopter Strike, 2017.ini",True,scenario_units_patch,"Khasab Helicopter Strike, 2017",,,,
"Khrushchevs War, Day 1 - France Enters the Fray, 1957.ini",True,scenario_units_patch,"Khrushchevs War, Day 1 - France Enters the Fray, 1957",,,,
"Khrushchevs War, Day 1 - Poseidons Play, 1957.ini",True,scenario_units_patch,"Khrushchevs War, Day 1 - Poseidons Play, 1957",,,,
"Khrushchevs War, Day 1 - The Battle of Elefsina, 1957.ini",True,scenario_units_patch,"Khrushchevs War, Day 1 - The Battle of Elefsina, 1957",,,,
"Khrushchevs War, Day 2 - Head 'Em off at the Sunda Strait, 1957.ini",True,scenario_units_patch,"Khrushchevs War, Day 2 - Head 'Em off at the Sunda Strait, 1957",,,,
"Khrushchevs War, Day 3 - Duel near Cape Verde, 1957.ini",True,scenario_units_patch,"Khrushchevs War, Day 3 - Duel near Cape Verde, 1957",,,,
"Khrushchevs War, Day 30 - South Dakota Says Goodbye, 1957.ini",True,scenario_units_patch,"Khrushchevs War, Day 30 - South Dakota Says Goodbye, 1957",,,,
"Khrushchevs War, Day 4 - Birmingham Goes Hunting, 1957.ini",True,scenario_units_patch,"Khrushchevs War, Day 4 - Birmingham Goes Hunting, 1957",,,,
"Kicking Down the Door, 2019.ini",True,scenario_units_patch,"Kicking Down the Door, 2019",,,,
"Kingdom Come, 2018.ini",True,scenario_units_patch,"Kingdom Come, 2018",,,,
"Kitty Comes to Kamchatka (The War That Never Was), 1989.ini",True,scenario_units_patch,"Kitty Comes to Kamchatka (The War That Never Was), 1989",,,,
"Kiwi Strike!, 1998.ini",True,scenario_units_patch,"Kiwi Strike!, 1998",,,,
"Kolkata Thresher, 1982.ini",True,scenario_units_patch,"Kolkata Thresher, 1982",,,,
"Korean Campaign (Operation Dragon Fire), 2018.ini",True,scenario_units_patch,"Korean Campaign (Operation Dragon Fire), 2018",,,,
"Korean Campaign, 2018.ini",True,scenario_units_patch,"Korean Campaign, 2018",,,,
"Korean Crisis, 1994.ini",True,mini_stub,"Korean Crisis, 1994",,,,
"Korean Missile Crisis, 2021.ini",True,scenario_units_patch,"Korean Missile Crisis, 2021",,,,
"Kuril Islands, 1999.ini",True,scenario_units_patch,"Kuril Islands, 1999",,,,
"Land of Confusion - Syria, 2021.ini",True,scenario_units_patch,"Land of Confusion - Syria, 2021",,,,
"Leathernecks Are Watching, 2025.ini",True,scenario_units_patch,"Leathernecks Are Watching, 2025",,,,
"Liancourt Rocks Conflict, 2018.ini",True,scenario_units_patch,"Liancourt Rocks Conflict, 2018",,,,
"Limited War - The Siret River, 2020.ini",True,scenario_units_patch,"Limited War - The Siret River, 2020",,,,
"Line of Death, 1986.ini",True,scenario_units_patch,"Line of Death, 1986",,,,
"Littoral Mission - Cebu Strait, 2018.ini",True,scenario_units_patch,"Littoral Mission - Cebu Strait, 2018",,,,
"Log Bridge, 1989.ini",True,mini_stub,"Log Bridge, 1989",,,,
"Lucid Angel, 1993.ini",True,scenario_units_patch,"Lucid Angel, 1993",,,,
"MINUSMA, 2015.ini",True,scenario_units_patch,"MINUSMA, 2015",,,,
"Malvinas - The Pincer, 1982.ini",True,scenario_units_patch,"Malvinas - The Pincer, 1982",,,,
"Marinha do Brasil - PASSEX 2010 - Carl Vinson, 2010.ini",True,scenario_units_patch,"Marinha do Brasil - PASSEX 2010 - Carl Vinson, 2010",,,,
"Med Conflict, 1990.ini",True,mini_stub,"Med Conflict, 1990",,,,
"Mediterranean Tsunami, 2019.ini",True,scenario_units_patch,"Mediterranean Tsunami, 2019",,,,
"Memphis Goes North, 1981.ini",True,mini_stub,"Memphis Goes North, 1981",,,,
"Merry Christmas, 1985.ini",True,scenario_units_patch,"Merry Christmas, 1985",,,,
"Merry Christmas, 1998.ini",True,mini_stub,"Merry Christmas, 1998",,,,
"Mesa Verde Meets Em Head On, 2024.ini",True,scenario_units_patch,"Mesa Verde Meets Em Head On, 2024",,,,
"Meteors over Korea, 1952.ini",True,scenario_units_patch,"Meteors over Korea, 1952",,,,
"Mexican Fishery Conflict, 2017.ini",True,scenario_units_patch,"Mexican Fishery Conflict, 2017",,,,
"Mission 2013D Part 1, 2014.ini",True,scenario_units_patch,"Mission 2013D Part 1, 2014",,,,
"Mission 2013D Part 2, 2014.ini",True,scenario_units_patch,"Mission 2013D Part 2, 2014",,,,
"Mission 2013D Part 3, 2014.ini",True,mini_stub,"Mission 2013D Part 3, 2014",,,,
"Mission off the Île de Sein, 2015.ini",True,scenario_units_patch,"Mission off the Île de Sein, 2015",,,,
"Mission to Mon, 2020.ini",True,scenario_units_patch,"Mission to Mon, 2020",,,,
"Montevideo Reach, 1973.ini",True,scenario_units_patch,"Montevideo Reach, 1973",,,,
"Mururoa, 1973.ini",True,mini_stub,"Mururoa, 1973",,,,
"Myanmar Defense, 1995.ini",True,scenario_units_patch,"Myanmar Defense, 1995",,,,
"NFZ Baltic, 2022.ini",True,scenario_units_patch,"NFZ Baltic, 2022",,,,
"NFZ Med, 2022.ini",True,scenario_units_patch,"NFZ Med, 2022",,,,
"NFZ Nordkapp, 2022.ini",True,scenario_units_patch,"NFZ Nordkapp, 2022",,,,
"NFZ Pacific, 2022.ini",True,scenario_units_patch,"NFZ Pacific, 2022",,,,
"Navaga Deterrence, 1986.ini",True,scenario_units_patch,"Navaga Deterrence, 1986",,,,
"Needle in a Wet Haystack, 2009.ini",True,mini_stub,"Needle in a Wet Haystack, 2009",,,,
"Nerve Hydra, 1994.ini",True,scenario_units_patch,"Nerve Hydra, 1994",,,,
"New Mexico Goes to War, 2023.ini",True,scenario_units_patch,"New Mexico Goes to War, 2023",,,,
"Nicaragua Missile Crisis, 2024.ini",True,scenario_units_patch,"Nicaragua Missile Crisis, 2024",,,,
"Nile Delta Strikeback, 2012.ini",True,mini_stub,"Nile Delta Strikeback, 2012",,,,
"No Time for Mischief, 1995.ini",True,scenario_units_patch,"No Time for Mischief, 1995",,,,
"Norrland Defense, 1990.ini",True,scenario_units_patch,"Norrland Defense, 1990",,,,
"Novi Pazer Pursuit, 1999.ini",True,scenario_units_patch,"Novi Pazer Pursuit, 1999",,,,
"Nuclear Shadow of East Asia - Sino-Soviet Confilt, 1986.ini",True,scenario_units_patch,"Nuclear Shadow of East Asia - Sino-Soviet Confilt, 1986",,,,
"Nuclear Storm, 1991.ini",True,scenario_units_patch,"Nuclear Storm, 1991",,,,
"Offensive CAP Belarus, 2015.ini",True,scenario_units_patch,"Offensive CAP Belarus, 2015",,,,
"Oil In Somalia Italy vs India, 1990.ini",True,scenario_units_patch,"Oil In Somalia Italy vs India, 1990",,,,
"Old Feuds Have Now Returned, 2014.ini",True,mini_stub,"Old Feuds Have Now Returned, 2014",,,,
"On Stalins Order, 1945.ini",True,scenario_units_patch,"On Stalins Order, 1945",,,,
"One Final Old-Fashioned Banana War, 1947.ini",True,scenario_units_patch,"One Final Old-Fashioned Banana War, 1947",,,,
"One Ship, One Country, 2017.ini",True,scenario_units_patch,"One Ship, One Country, 2017",,,,
"Op Lingkod Timog I, 2013.ini",True,scenario_units_patch,"Op Lingkod Timog I, 2013",,,,
"Operación Gomorra, 2010.ini",True,scenario_units_patch,"Operación Gomorra, 2010",,,,
"Operation Adelaide, 2016.ini",True,scenario_units_patch,"Operation Adelaide, 2016",,,,
"Operation Allied Force, 1999.ini",True,scenario_units_patch,"Operation Allied Force, 1999",,,,
"Operation Ardent Shield, 2030.ini",True,scenario_units_patch,"Operation Ardent Shield, 2030",,,,
"Operation Baltic Vigilance, 2020.ini",True,scenario_units_patch,"Operation Baltic Vigilance, 2020",,,,
"Operation Bayern, 1965.ini",True,scenario_units_patch,"Operation Bayern, 1965",,,,
"Operation Black Buck 1, 1982.ini",True,scenario_units_patch,"Operation Black Buck 1, 1982",,,,
"Operation Brass Drum - Second of Desert Storm, 1993.ini",True,scenario_units_patch,"Operation Brass Drum - Second of Desert Storm, 1993",,,,
"Operation British Harpoon, 1968.ini",True,scenario_units_patch,"Operation British Harpoon, 1968",,,,
"Operation Cachalot, 2023.ini",True,scenario_units_patch,"Operation Cachalot, 2023",,,,
"Operation Charming Truth, 1985.ini",True,scenario_units_patch,"Operation Charming Truth, 1985",,,,
"Operation Eagle Guardian, 2019.ini",True,scenario_units_patch,"Operation Eagle Guardian, 2019",,,,
"Operation El Dorado Canyon, 1986.ini",True,mini_stub,"Operation El Dorado Canyon, 1986",,,,
"Operation El Dorado Canyon, 1996.ini",True,mini_stub,"Operation El Dorado Canyon, 1996",,,,
"Operation Fei Lian, 2019.ini",True,mini_stub,"Operation Fei Lian, 2019",,,,
"Operation Folgore, 2013.ini",True,scenario_units_patch,"Operation Folgore, 2013",,,,
"Operation Ghost Rider, 1985.ini",True,scenario_units_patch,"Operation Ghost Rider, 1985",,,,
"Operation Gray Advantage, 2023.ini",True,scenario_units_patch,"Operation Gray Advantage, 2023",,,,
"Operation Guardian, 2013.ini",True,mini_stub,"Operation Guardian, 2013",,,,
"Operation Gudrun, 2012.ini",True,scenario_units_patch,"Operation Gudrun, 2012",,,,
"Operation Journeyman, 1977.ini",True,scenario_units_patch,"Operation Journeyman, 1977",,,,
"Operation Kaman 99, 1980.ini",True,mini_stub,"Operation Kaman 99, 1980",,,,
"Operation Lawful Avenger, 1985.ini",True,scenario_units_patch,"Operation Lawful Avenger, 1985",,,,
"Operation Lawful Destroyer, 1985.ini",True,scenario_units_patch,"Operation Lawful Destroyer, 1985",,,,
"Operation Liberty Dawn [Redux Redux], 2031.ini",True,scenario_units_patch,"Operation Liberty Dawn [Redux Redux], 2031",,,,
"Operation Locusta, 1990.ini",True,scenario_units_patch,"Operation Locusta, 1990",,,,
"Operation Mole Cricket 19, 1982.ini",True,scenario_units_patch,"Operation Mole Cricket 19, 1982",,,,
"Operation Morvarid, 1980.ini",True,scenario_units_patch,"Operation Morvarid, 1980",,,,
"Operation Northern Stork, 2018.ini",True,scenario_units_patch,"Operation Northern Stork, 2018",,,,
"Operation Quiet Rodeo, 1994.ini",True,scenario_units_patch,"Operation Quiet Rodeo, 1994",,,,
"Operation Reclaimed Might, 2015.ini",True,scenario_units_patch,"Operation Reclaimed Might, 2015",,,,
"Operation Rimon 20, 1970.ini",True,mini_stub,"Operation Rimon 20, 1970",,,,
"Operation Rising Lion (Improved), 2025.ini",True,scenario_units_patch,"Operation Rising Lion (Improved), 2025",,,,
"Operation Sallyport, 2029.ini",True,scenario_units_patch,"Operation Sallyport, 2029",,,,
"Operation Sapphire Fury, 2019.ini",True,scenario_units_patch,"Operation Sapphire Fury, 2019",,,,
"Operation Scarlet Lance, 1966.ini",True,scenario_units_patch,"Operation Scarlet Lance, 1966",,,,
"Operation Sky Sentinel, 2024.ini",True,scenario_units_patch,"Operation Sky Sentinel, 2024",,,,
"Operation Slam Gray, 1957.ini",True,mini_stub,"Operation Slam Gray, 1957",,,,
"Operation Sling of David, 2014.ini",True,scenario_units_patch,"Operation Sling of David, 2014",,,,
"Operation Soberania, 1978.ini",True,scenario_units_patch,"Operation Soberania, 1978",,,,
"Operation Sombrero de Copa, 2000.ini",True,scenario_units_patch,"Operation Sombrero de Copa, 2000",,,,
"Operation Square Peg, 2013.ini",True,mini_stub,"Operation Square Peg, 2013",,,,
"Operation Texas Crow, 2020.ini",True,scenario_units_patch,"Operation Texas Crow, 2020",,,,
"Operation True Promise III, 2025.ini",True,scenario_units_patch,"Operation True Promise III, 2025",,,,
"Operation Urgent Fury, 1983.ini",True,scenario_units_patch,"Operation Urgent Fury, 1983",,,,
"Operation Vulture, 1954.ini",True,scenario_units_patch,"Operation Vulture, 1954",,,,
"Ouadi Doum, 1986.ini",True,scenario_units_patch,"Ouadi Doum, 1986",,,,
"Out of Megiddo - Team Sunfish, 1973.ini",True,scenario_units_patch,"Out of Megiddo - Team Sunfish, 1973",,,,
"Out of Megiddo - The Battle of the Arabian Sea, 1973.ini",True,scenario_units_patch,"Out of Megiddo - The Battle of the Arabian Sea, 1973",,,,
"Oyashio on Patrol, 2014.ini",True,scenario_units_patch,"Oyashio on Patrol, 2014",,,,
"Patton Seamount Emergency, 2020.ini",True,scenario_units_patch,"Patton Seamount Emergency, 2020",,,,
"Peeling the Onion, 1957.ini",True,scenario_units_patch,"Peeling the Onion, 1957",,,,
"Penetrating the Blockade, 2027.ini",True,scenario_units_patch,"Penetrating the Blockade, 2027",,,,
"Philippine Navy Patrol Force - Shoal Patrol, 2013.ini",True,scenario_units_patch,"Philippine Navy Patrol Force - Shoal Patrol, 2013",,,,
"Phoenix of Indochina, 1949 .ini",False,scenario_units_patch,"Phoenix of Indochina, 1949 ",,,,
"Play The Fool, 2016.ini",True,scenario_units_patch,"Play The Fool, 2016",,,,
"Plum Blossoms Do Not Fall Lightly, 2025.ini",True,scenario_units_patch,"Plum Blossoms Do Not Fall Lightly, 2025",,,,
"Podengo Monday, 1968.ini",True,scenario_units_patch,"Podengo Monday, 1968",,,,
"Probe or Feint, 1963.ini",True,scenario_units_patch,"Probe or Feint, 1963",,,,
"Protecting Peacekeepers on Samar, 2024.ini",True,scenario_units_patch,"Protecting Peacekeepers on Samar, 2024",,,,
"Putins War In the Jaws of the Bear, 2022.ini",True,scenario_units_patch,"Putins War In the Jaws of the Bear, 2022",,,,
"Putins War Midnight Sun, 2022.ini",True,scenario_units_patch,"Putins War Midnight Sun, 2022",,,,
"Putins War Operation Exodus, 2022.ini",True,scenario_units_patch,"Putins War Operation Exodus, 2022",,,,
"Putins War The Bodo Express, 2022.ini",True,scenario_units_patch,"Putins War The Bodo Express, 2022",,,,
"Putins War Threading the Needle, 2022.ini",True,scenario_units_patch,"Putins War Threading the Needle, 2022",,,,
"Raid on Bir Moghrein, 2020.ini",True,scenario_units_patch,"Raid on Bir Moghrein, 2020",,,,
"Randolphs Racket, 1954.ini",True,scenario_units_patch,"Randolphs Racket, 1954",,,,
"Rebel Yell, 2015.ini",True,scenario_units_patch,"Rebel Yell, 2015",,,,
"Red Episodes - Boomer to Sea, 1989.ini",True,scenario_units_patch,"Red Episodes - Boomer to Sea, 1989",,,,
"Red Episodes - No Sandbox No Joy, 1989.ini",True,scenario_units_patch,"Red Episodes - No Sandbox No Joy, 1989",,,,
"Red Episodes - Recon in Force, 1989.ini",True,scenario_units_patch,"Red Episodes - Recon in Force, 1989",,,,
"Red Episodes - SOS SOSUS, 1989.ini",True,mini_stub,"Red Episodes - SOS SOSUS, 1989",,,,
"Red Episodes - Stop that Convoy, 1989.ini",True,mini_stub,"Red Episodes - Stop that Convoy, 1989",,,,
"Red Flag, 2017.ini",True,scenario_units_patch,"Red Flag, 2017",,,,
"Red Iceland, 1980.ini",True,scenario_units_patch,"Red Iceland, 1980",,,,
"Red Phoenix - Battle of the Tsushima, 1987.ini",True,scenario_units_patch,"Red Phoenix - Battle of the Tsushima, 1987",,,,
"Red Phoenix - Christmas Day, 1986.ini",True,mini_stub,"Red Phoenix - Christmas Day, 1986",,,,
"Red Storm - Fill the Gap, 1990.ini",True,mini_stub,"Red Storm - Fill the Gap, 1990",,,,
"Regaining Honor, 2015.ini",True,mini_stub,"Regaining Honor, 2015",,,,
"Regulus, 1961.ini",True,scenario_units_patch,"Regulus, 1961",,,,
"Resolution 1737, 2007.ini",True,scenario_units_patch,"Resolution 1737, 2007",,,,
"Revenge in Beirut, 1983.ini",True,scenario_units_patch,"Revenge in Beirut, 1983",,,,
"Rollback - Hoisting the Net, 1998.ini",True,mini_stub,"Rollback - Hoisting the Net, 1998",,,,
"Rollback - The First of Many, 1998.ini",True,mini_stub,"Rollback - The First of Many, 1998",,,,
"Royal Problems, 1962.ini",True,scenario_units_patch,"Royal Problems, 1962",,,,
"Ruby Slipper, 2016.ini",True,scenario_units_patch,"Ruby Slipper, 2016",,,,
"Russian Civil War - Phase I, 2004.ini",True,scenario_units_patch,"Russian Civil War - Phase I, 2004",,,,
"Russian Civil War - Phase II, 2004.ini",True,scenario_units_patch,"Russian Civil War - Phase II, 2004",,,,
"Russian Civil War - Phase III, 2004.ini",True,scenario_units_patch,"Russian Civil War - Phase III, 2004",,,,
"Ryukyu Islands, 2022.ini",True,scenario_units_patch,"Ryukyu Islands, 2022",,,,
"SC Andes Mallorca Ep 101, 2011.ini",True,scenario_units_patch,"SC Andes Mallorca Ep 101, 2011",,,,
"SC Andes Mallorca Ep 102, 2011.ini",True,scenario_units_patch,"SC Andes Mallorca Ep 102, 2011",,,,
"SC Andes Mallorca Ep 103, 2011.ini",True,scenario_units_patch,"SC Andes Mallorca Ep 103, 2011",,,,
"SC Egypt Ep 101, 2011.ini",True,scenario_units_patch,"SC Egypt Ep 101, 2011",,,,
"SC Mauritania Pt 1, 2011.ini",True,mini_stub,"SC Mauritania Pt 1, 2011",,,,
"SC Mauritania Pt 2, 2011.ini",True,scenario_units_patch,"SC Mauritania Pt 2, 2011",,,,
"SC Mauritania Pt 3, 2011.ini",True,scenario_units_patch,"SC Mauritania Pt 3, 2011",,,,
"SEAL Submarine Exercise, 2010.ini",True,scenario_units_patch,"SEAL Submarine Exercise, 2010",,,,
"STANAVFORLANT Gets to Work, 1969.ini",True,scenario_units_patch,"STANAVFORLANT Gets to Work, 1969",,,,
"Sagami Bay Convoy Raid, 2022.ini",True,scenario_units_patch,"Sagami Bay Convoy Raid, 2022",,,,
"Sakhalin or Karafuto, 2013.ini",True,scenario_units_patch,"Sakhalin or Karafuto, 2013",,,,
"Salalah Station, 1986.ini",True,scenario_units_patch,"Salalah Station, 1986",,,,
"Sandbox Nations 1, 2018.ini",True,scenario_units_patch,"Sandbox Nations 1, 2018",,,,
"Sandbox Scenario 1 - Surface Encounter, 1991.ini",True,scenario_units_patch,"Sandbox Scenario 1 - Surface Encounter, 1991",,,,
"Sandbox Scenario 2 - East Med A2-AD, 2016.ini",True,scenario_units_patch,"Sandbox Scenario 2 - East Med A2-AD, 2016",,,,
"Sandies and Jollies, 1968.ini",True,scenario_units_patch,"Sandies and Jollies, 1968",,,,
"Sanitizing NORLANT, 1962.ini",True,mini_stub,"Sanitizing NORLANT, 1962",,,,
"Sapphire, 1977.ini",True,scenario_units_patch,"Sapphire, 1977",,,,
"Saudia Arabia Crisis -  Attack of IS, 2016.ini",True,scenario_units_patch,"Saudia Arabia Crisis -  Attack of IS, 2016",,,,
"Save the Day, 2017.ini",True,scenario_units_patch,"Save the Day, 2017",,,,
"Saving the Third Temple, 1973.ini",True,scenario_units_patch,"Saving the Third Temple, 1973",,,,
"Sawfish and the Fast Lady, 2010.ini",True,scenario_units_patch,"Sawfish and the Fast Lady, 2010",,,,
"Scenario Editor Tutorial-Adding Weapons, 2015.ini",True,scenario_units_patch,"Scenario Editor Tutorial-Adding Weapons, 2015",,,,
"Seawolf 1, Ivan Marches, 1996.ini",True,scenario_units_patch,"Seawolf 1, Ivan Marches, 1996",,,,
"Seawolf 2, Duckshoot, 1996.ini",True,mini_stub,"Seawolf 2, Duckshoot, 1996",,,,
"Senkaku Crisis, 2010.ini",True,scenario_units_patch,"Senkaku Crisis, 2010",,,,
"Senkaku Islands Clash, 2019.ini",True,scenario_units_patch,"Senkaku Islands Clash, 2019",,,,
"Set Defence Condition One, 1986.ini",True,scenario_units_patch,"Set Defence Condition One, 1986",,,,
"Shandong Lashes Out, 2021.ini",True,scenario_units_patch,"Shandong Lashes Out, 2021",,,,
"Shangri-La Comes Calling, 1965.ini",True,scenario_units_patch,"Shangri-La Comes Calling, 1965",,,,
"Shoot-out at Package One, 1952.ini",True,scenario_units_patch,"Shoot-out at Package One, 1952",,,,
"Sideshow in the South China Sea, 1985.ini",True,scenario_units_patch,"Sideshow in the South China Sea, 1985",,,,
"Sink the Nautica, 1977.ini",True,scenario_units_patch,"Sink the Nautica, 1977",,,,
"Sinking a Battlewagon, 1990.ini",True,mini_stub,"Sinking a Battlewagon, 1990",,,,
"Skagerrak, 1963.ini",True,scenario_units_patch,"Skagerrak, 1963",,,,
"Small Random Convoy Transit, 1989.ini",True,scenario_units_patch,"Small Random Convoy Transit, 1989",,,,
"Smart Bracelet, 2014.ini",True,scenario_units_patch,"Smart Bracelet, 2014",,,,
"Smooth Bordeaux, 1964.ini",True,scenario_units_patch,"Smooth Bordeaux, 1964",,,,
"Smooth Trail, 1988.ini",True,scenario_units_patch,"Smooth Trail, 1988",,,,
"Snipe incident, 1958.ini",True,scenario_units_patch,"Snipe incident, 1958",,,,
"Solomon Islands Incursion, 1994.ini",True,scenario_units_patch,"Solomon Islands Incursion, 1994",,,,
South Atlantic War 1982 - Sneaky Beakies in South Georgia.ini,True,mini_stub,South Atlantic War 1982 - Sneaky Beakies in South Georgia,,,,
"South of Crete, 1985.ini",True,scenario_units_patch,"South of Crete, 1985",,,,
"Southern Brawl (The War That Never Was), 1989.ini",True,scenario_units_patch,"Southern Brawl (The War That Never Was), 1989",,,,
"Soviet Endgame - Seize Giebelstadt, 1981.ini",True,scenario_units_patch,"Soviet Endgame - Seize Giebelstadt, 1981",,,,
"Spanish Guinea II, Nigerian Alliance v Spain, 1996.ini",True,scenario_units_patch,"Spanish Guinea II, Nigerian Alliance v Spain, 1996",,,,
"Spanish Guinea, 1995.ini",True,scenario_units_patch,"Spanish Guinea, 1995",,,,
"Splendid George, 1985.ini",True,scenario_units_patch,"Splendid George, 1985",,,,
"Splendid Rambler, 1968.ini",True,scenario_units_patch,"Splendid Rambler, 1968",,,,
"Sri Lanka Crisis, 2021.ini",True,scenario_units_patch,"Sri Lanka Crisis, 2021",,,,
"Stag Yellow, 1969.ini",True,scenario_units_patch,"Stag Yellow, 1969",,,,
"Stalins Bulls, 1951.ini",True,scenario_units_patch,"Stalins Bulls, 1951",,,,
"Standoff-21, 2019.ini",True,scenario_units_patch,"Standoff-21, 2019",,,,
"Sterett in the Gulf of Thailand, 1977.ini",True,scenario_units_patch,"Sterett in the Gulf of Thailand, 1977",,,,
"Strike Group Stennis vs. Tanzania, 2020.ini",True,scenario_units_patch,"Strike Group Stennis vs. Tanzania, 2020",,,,
"Strike Quick, 1999.ini",True,scenario_units_patch,"Strike Quick, 1999",,,,
"String of Pearls - Lance the Boil, 2020.ini",True,scenario_units_patch,"String of Pearls - Lance the Boil, 2020",,,,
"Submarines off São Tomé, 2020.ini",True,scenario_units_patch,"Submarines off São Tomé, 2020",,,,
"Sudan Strike, 2025.ini",True,scenario_units_patch,"Sudan Strike, 2025",,,,
"Sumatra Crisis, 2022 - 1 - Mayday.ini",True,mini_stub,"Sumatra Crisis, 2022 - 1 - Mayday",,,,
"Sumatra Crisis, 2022 - 2 - Trade Paralisis.ini",True,scenario_units_patch,"Sumatra Crisis, 2022 - 2 - Trade Paralisis",,,,
"Sumatra Crisis, 2022 - 3 - Singapore Surprise.ini",True,scenario_units_patch,"Sumatra Crisis, 2022 - 3 - Singapore Surprise",,,,
"Surface Group vs. Subs - Marakei, 2020.ini",True,scenario_units_patch,"Surface Group vs. Subs - Marakei, 2020",,,,
"Swan Lake, 2024.ini",True,scenario_units_patch,"Swan Lake, 2024",,,,
"Syria 413, 2018 [COW].ini",True,scenario_units_patch,"Syria 413, 2018 [COW]",,,,
"Tafass, Syria, 2021.ini",True,scenario_units_patch,"Tafass, Syria, 2021",,,,
"Taiwan Straits, 2022.ini",True,scenario_units_patch,"Taiwan Straits, 2022",,,,
"Take It, Brave York, 1990.ini",True,scenario_units_patch,"Take It, Brave York, 1990",,,,
"Tanker Wars, 2017.ini",True,scenario_units_patch,"Tanker Wars, 2017",,,,
"Task Force 45, 1989.ini",True,scenario_units_patch,"Task Force 45, 1989",,,,
"Team Carney, 2019.ini",True,scenario_units_patch,"Team Carney, 2019",,,,
"Team Chicago Gets Busy, 1974.ini",True,scenario_units_patch,"Team Chicago Gets Busy, 1974",,,,
"Team Chicago and Vietnam Get Busy, 1974.ini",True,scenario_units_patch,"Team Chicago and Vietnam Get Busy, 1974",,,,
"Team Dido, 1964.ini",True,scenario_units_patch,"Team Dido, 1964",,,,
"Team Midway in the Taiwan Strait, 1962.ini",True,scenario_units_patch,"Team Midway in the Taiwan Strait, 1962",,,,
"Team Mysore, 2017.ini",True,scenario_units_patch,"Team Mysore, 2017",,,,
"Team Worden, 1983.ini",True,scenario_units_patch,"Team Worden, 1983",,,,
"Tempest Marlin, 2016.ini",True,scenario_units_patch,"Tempest Marlin, 2016",,,,
"Terrorists in Anjar, 1984.ini",True,scenario_units_patch,"Terrorists in Anjar, 1984",,,,
"The 2023 North Korean Nuclear Attacks Part 1, 2023.ini",True,scenario_units_patch,"The 2023 North Korean Nuclear Attacks Part 1, 2023",,,,
"The 2023 North Korean Nuclear Attacks Part 2, 2023.ini",True,scenario_units_patch,"The 2023 North Korean Nuclear Attacks Part 2, 2023",,,,
"The 4th of July, 1989.ini",True,scenario_units_patch,"The 4th of July, 1989",,,,
"The Akusekijima Conflict, 2019.ini",True,scenario_units_patch,"The Akusekijima Conflict, 2019",,,,
"The Banja Luka Incident, 1994.ini",True,scenario_units_patch,"The Banja Luka Incident, 1994",,,,
"The Battle of Al Khor, 1995.ini",True,scenario_units_patch,"The Battle of Al Khor, 1995",,,,
"The Battle of Bejaia, 1999.ini",True,scenario_units_patch,"The Battle of Bejaia, 1999",,,,
"The Battle of Chiapas, 2020.ini",True,scenario_units_patch,"The Battle of Chiapas, 2020",,,,
"The Battle of Langkawi, 1973.ini",True,scenario_units_patch,"The Battle of Langkawi, 1973",,,,
"The Battle of Mitú, 1995.ini",True,scenario_units_patch,"The Battle of Mitú, 1995",,,,
"The Battle of Palmdale, 1956.ini",True,mini_stub,"The Battle of Palmdale, 1956",,,,
"The Battle of Seogeom-ri, 2015.ini",True,scenario_units_patch,"The Battle of Seogeom-ri, 2015",,,,
"The Battle of Vogel Seamount, 1981.ini",True,scenario_units_patch,"The Battle of Vogel Seamount, 1981",,,,
"The Battle of the Turtle Islands, 1988.ini",True,scenario_units_patch,"The Battle of the Turtle Islands, 1988",,,,
"The Bear and the Dragon, 2023.ini",True,scenario_units_patch,"The Bear and the Dragon, 2023",,,,
"The Bridges at Toko-Ri, 1952.ini",True,scenario_units_patch,"The Bridges at Toko-Ri, 1952",,,,
"The C-Team, 1988.ini",True,scenario_units_patch,"The C-Team, 1988",,,,
"The Clash Of Titans II, 2018.ini",True,mini_stub,"The Clash Of Titans II, 2018",,,,
"The Convoy, Ukraine, 2022.ini",True,scenario_units_patch,"The Convoy, Ukraine, 2022",,,,
"The Corfu Channel Episode, 1946.ini",True,scenario_units_patch,"The Corfu Channel Episode, 1946",,,,
"The Dam Busters, 2021.ini",True,scenario_units_patch,"The Dam Busters, 2021",,,,
"The Desperate Hours December, 1985.ini",True,scenario_units_patch,"The Desperate Hours December, 1985",,,,
"The Escort Division, 1962.ini",True,mini_stub,"The Escort Division, 1962",,,,
"The Fiery October - Reprisal, 1962.ini",True,mini_stub,"The Fiery October - Reprisal, 1962",,,,
"The Fiery October, Reprisal, 1962.ini",True,scenario_units_patch,"The Fiery October, Reprisal, 1962",,,,
"The Fighter-Bomber Aviation Regiment, 1987.ini",True,scenario_units_patch,"The Fighter-Bomber Aviation Regiment, 1987",,,,
"The Five Powers, 2020.ini",True,scenario_units_patch,"The Five Powers, 2020",,,,
"The Gauntlet, 1989.ini",True,scenario_units_patch,"The Gauntlet, 1989",,,,
"The Great Arctic War - Arctic Cod Conflict, 2030.ini",True,scenario_units_patch,"The Great Arctic War - Arctic Cod Conflict, 2030",,,,
"The Grecale Affair, 2017.ini",True,scenario_units_patch,"The Grecale Affair, 2017",,,,
"The Honduran-Cuban War - March 12, 1968.ini",True,scenario_units_patch,"The Honduran-Cuban War - March 12, 1968",,,,
"The Honduran-Cuban War - March 19, 1968.ini",True,scenario_units_patch,"The Honduran-Cuban War - March 19, 1968",,,,
"The Honduran-Cuban War - March 26, 1968.ini",True,scenario_units_patch,"The Honduran-Cuban War - March 26, 1968",,,,
"The Hustlers, 1962 (No CoW).ini",True,scenario_units_patch,"The Hustlers, 1962 (No CoW)",,,,
"The Hustlers, 1962.ini",True,scenario_units_patch,"The Hustlers, 1962",,,,
"The Isla La Orchila Affair, 2020.ini",True,scenario_units_patch,"The Isla La Orchila Affair, 2020",,,,
"The Kings Hand, 2016.ini",True,scenario_units_patch,"The Kings Hand, 2016",,,,
"The Laser Dance, 2024.ini",True,scenario_units_patch,"The Laser Dance, 2024",,,,
"The Libyan War, 1986.ini",True,scenario_units_patch,"The Libyan War, 1986",,,,
"The Lobster War, 1962.ini",True,scenario_units_patch,"The Lobster War, 1962",,,,
"The Lost Province, 2017.ini",True,scenario_units_patch,"The Lost Province, 2017",,,,
"The Migrant War, 2013.ini",True,scenario_units_patch,"The Migrant War, 2013",,,,
"The Missiles of October Part Deux, 2020.ini",True,scenario_units_patch,"The Missiles of October Part Deux, 2020",,,,
"The Mohéli Crisis, 1999.ini",True,scenario_units_patch,"The Mohéli Crisis, 1999",,,,
"The Okhotsk Bastion, 1961.ini",True,scenario_units_patch,"The Okhotsk Bastion, 1961",,,,
"The Old Regime and the New Nation, 1966.ini",True,scenario_units_patch,"The Old Regime and the New Nation, 1966",,,,
"The Old vs the New - The Madagascar Crisis, 2025.ini",True,scenario_units_patch,"The Old vs the New - The Madagascar Crisis, 2025",,,,
"The Olutanga Rebellion, 2020.ini",True,scenario_units_patch,"The Olutanga Rebellion, 2020",,,,
"The Penang Affair, 1955.ini",True,scenario_units_patch,"The Penang Affair, 1955",,,,
"The Raisa Affair, 1969.ini",True,scenario_units_patch,"The Raisa Affair, 1969",,,,
"The Seto Submarine Scare, 2018.ini",True,scenario_units_patch,"The Seto Submarine Scare, 2018",,,,
"The Seventh Battle, 1992.ini",True,scenario_units_patch,"The Seventh Battle, 1992",,,,
"The Shores of Tripoli (The War That Never Was) NATO, 1989.ini",True,scenario_units_patch,"The Shores of Tripoli (The War That Never Was) NATO, 1989",,,,
"The Snipe Incident, 1958.ini",True,scenario_units_patch,"The Snipe Incident, 1958",,,,
"The Soviet Test, 1964.ini",True,scenario_units_patch,"The Soviet Test, 1964",,,,
"The Transit, 1985.ini",True,scenario_units_patch,"The Transit, 1985",,,,
"The V-Bombers, 1962 (No AC Dmg).ini",True,scenario_units_patch,"The V-Bombers, 1962 (No AC Dmg)",,,,
"The V-Bombers, 1962.ini",True,scenario_units_patch,"The V-Bombers, 1962",,,,
"The Vanuatu Crisis, 1996.ini",True,scenario_units_patch,"The Vanuatu Crisis, 1996",,,,
"They Came From the Museum, 2015.ini",True,scenario_units_patch,"They Came From the Museum, 2015",,,,
"Those Who Face Death, 2014.ini",True,scenario_units_patch,"Those Who Face Death, 2014",,,,
"Those Who Hunt Goblins, 1973.ini",True,scenario_units_patch,"Those Who Hunt Goblins, 1973",,,,
"Three CVs Exercises, 2017.ini",True,scenario_units_patch,"Three CVs Exercises, 2017",,,,
"Tighten the Straitjacket, 2027.ini",True,scenario_units_patch,"Tighten the Straitjacket, 2027",,,,
"To Kill A Mockingbird, 1979.ini",True,scenario_units_patch,"To Kill A Mockingbird, 1979",,,,
"To Kill The Queen, 2022 - PRC Version.ini",True,scenario_units_patch,"To Kill The Queen, 2022 - PRC Version",,,,
"To Kill The Queen, 2022 - Western Version.ini",True,scenario_units_patch,"To Kill The Queen, 2022 - Western Version",,,,
"To the Shores of Abu Musa, 2021.ini",True,scenario_units_patch,"To the Shores of Abu Musa, 2021",,,,
"Top Gun, 1986.ini",True,scenario_units_patch,"Top Gun, 1986",,,,
"Trouble at Trevelyan, 2023.ini",True,scenario_units_patch,"Trouble at Trevelyan, 2023",,,,
"Turkish Revenge, 2012.ini",True,scenario_units_patch,"Turkish Revenge, 2012",,,,
"Turkish Warships Join the Fight, 1968.ini",True,scenario_units_patch,"Turkish Warships Join the Fight, 1968",,,,
"Turkmen Bombardment, 1998.ini",True,mini_stub,"Turkmen Bombardment, 1998",,,,
"Turning the Tables, 1992 (No AC Dmg).ini",True,scenario_units_patch,"Turning the Tables, 1992 (No AC Dmg)",,,,
"Turning the Tables, 1992.ini",True,scenario_units_patch,"Turning the Tables, 1992",,,,
"Two Cutters in the Gulf of Mexico, 2020.ini",True,scenario_units_patch,"Two Cutters in the Gulf of Mexico, 2020",,,,
"US Naval Air Power Debate - Baseline, 2016.ini",True,scenario_units_patch,"US Naval Air Power Debate - Baseline, 2016",,,,
"US Naval Air Power Debate - F-35, 2016.ini",True,scenario_units_patch,"US Naval Air Power Debate - F-35, 2016",,,,
"US Naval Air Power Debate - Super Hornet, 2016.ini",True,scenario_units_patch,"US Naval Air Power Debate - Super Hornet, 2016",,,,
"US-UK Fellowship Exercise, 2012.ini",True,scenario_units_patch,"US-UK Fellowship Exercise, 2012",,,,
"USS Baltimore CS1 - Typhoon Hell, 1983.ini",True,scenario_units_patch,"USS Baltimore CS1 - Typhoon Hell, 1983",,,,
"USS Baltimore SC2 - Two Birds One Stone, 1983.ini",True,scenario_units_patch,"USS Baltimore SC2 - Two Birds One Stone, 1983",,,,
"USS Midway vs. Cuba - The War That Never Was, 1989.ini",True,scenario_units_patch,"USS Midway vs. Cuba - The War That Never Was, 1989",,,,
"Ulleungdo Island, 2018.ini",True,scenario_units_patch,"Ulleungdo Island, 2018",,,,
"Under African Skies, 2017.ini",True,scenario_units_patch,"Under African Skies, 2017",,,,
"Vengeance, 2021.ini",True,scenario_units_patch,"Vengeance, 2021",,,,
"Vikrant Goes to War, 1971.ini",True,scenario_units_patch,"Vikrant Goes to War, 1971",,,,
"Vivid Sentry, 2018.ini",True,scenario_units_patch,"Vivid Sentry, 2018",,,,
"Vlakke Hoek, 1962.ini",True,scenario_units_patch,"Vlakke Hoek, 1962",,,,
"WEC Davos Attacked by Terrorists, 2016.ini",True,scenario_units_patch,"WEC Davos Attacked by Terrorists, 2016",,,,
"WW3 D-Day, 1985.ini",True,scenario_units_patch,"WW3 D-Day, 1985",,,,
"WWIII 87 Air Campaign Denmark 10 July, 1987.ini",True,mini_stub,"WWIII 87 Air Campaign Denmark 10 July, 1987",,,,
"Waller Takes Charge, 1955.ini",True,scenario_units_patch,"Waller Takes Charge, 1955",,,,
"War of The Thirty-Fives, 2021.ini",True,scenario_units_patch,"War of The Thirty-Fives, 2021",,,,
"Wargasm, 1962 (No AC Dmg).ini",True,scenario_units_patch,"Wargasm, 1962 (No AC Dmg)",,,,
"Wargasm, 1962.ini",True,scenario_units_patch,"Wargasm, 1962",,,,
"Warthogs Over Latakia, 2013.ini",True,scenario_units_patch,"Warthogs Over Latakia, 2013",,,,
"Water Wars, 2017.ini",True,scenario_units_patch,"Water Wars, 2017",,,,
"White Piano, 1966.ini",True,scenario_units_patch,"White Piano, 1966",,,,
"Yankee Team, 1966.ini",True,scenario_units_patch,"Yankee Team, 1966",,,,
"Yellow Sea Patrol, 1949.ini",True,scenario_units_patch,"Yellow Sea Patrol, 1949",,,,
"Yemen Convoy, 2015.ini",True,scenario_units_patch,"Yemen Convoy, 2015",,,,
_Community Scenario List.ini,False,scenario_list,_Community Scenario List,,,,Special index/info file
_Northern Fury Scenario List_.ini,False,scenario_list,_Northern Fury Scenario List_,,,,Special index/info file
"Northern Fury 1 - H Hour, 1994.ini",True,scenario_units_patch,"Northern Fury 1 - H Hour, 1994",,,,
"Northern Fury 10 - Eisenhower moves North, 1994.ini",True,scenario_units_patch,"Northern Fury 10 - Eisenhower moves North, 1994",,,,
"Northern Fury 11 - Changing of the Guard, 1994.ini",True,scenario_units_patch,"Northern Fury 11 - Changing of the Guard, 1994",,,,
"Northern Fury 12 - Command at Sea, 1994.ini",True,scenario_units_patch,"Northern Fury 12 - Command at Sea, 1994",,,,
"Northern Fury 13 - Cutting the Tether, 1994.ini",True,scenario_units_patch,"Northern Fury 13 - Cutting the Tether, 1994",,,,
"Northern Fury 14 - Here Comes the Cavalry, 1994.ini",True,scenario_units_patch,"Northern Fury 14 - Here Comes the Cavalry, 1994",,,,
"Northern Fury 15 - Stab in the Dark, 1994.ini",True,scenario_units_patch,"Northern Fury 15 - Stab in the Dark, 1994",,,,
"Northern Fury 16 - Sub Surge, 1994.ini",True,scenario_units_patch,"Northern Fury 16 - Sub Surge, 1994",,,,
"Northern Fury 17 - Poke in the Eye, 1994.ini",True,scenario_units_patch,"Northern Fury 17 - Poke in the Eye, 1994",,,,
"Northern Fury 18 - Ant Eaters Revenge, 1994.ini",True,scenario_units_patch,"Northern Fury 18 - Ant Eaters Revenge, 1994",,,,
"Northern Fury 19 - Decapitation, 1994.ini",True,scenario_units_patch,"Northern Fury 19 - Decapitation, 1994",,,,
"Northern Fury 2 - X-Ray Station, 1994.ini",True,scenario_units_patch,"Northern Fury 2 - X-Ray Station, 1994",,,,
"Northern Fury 20 - BUFF Stampede, 1994.ini",True,scenario_units_patch,"Northern Fury 20 - BUFF Stampede, 1994",,,,
"Northern Fury 21 - Sweep up, 1994.ini",True,scenario_units_patch,"Northern Fury 21 - Sweep up, 1994",,,,
"Northern Fury 22 - Vagar Vengence, 1994.ini",True,scenario_units_patch,"Northern Fury 22 - Vagar Vengence, 1994",,,,
"Northern Fury 23 - Swift, Silent, and Deadly, 1994.ini",True,scenario_units_patch,"Northern Fury 23 - Swift, Silent, and Deadly, 1994",,,,
"Northern Fury 24 - Battlewagons to War!, 1994.ini",True,scenario_units_patch,"Northern Fury 24 - Battlewagons to War!, 1994",,,,
"Northern Fury 25 - Jar Heads on Ice, 1994.ini",True,scenario_units_patch,"Northern Fury 25 - Jar Heads on Ice, 1994",,,,
"Northern Fury 26 - Land of Fire & Ice!, 1994.ini",True,scenario_units_patch,"Northern Fury 26 - Land of Fire & Ice!, 1994",,,,
"Northern Fury 27 - Out on a Limb, 1994.ini",True,scenario_units_patch,"Northern Fury 27 - Out on a Limb, 1994",,,,
"Northern Fury 28 - Bump in the Night, 1994.ini",True,scenario_units_patch,"Northern Fury 28 - Bump in the Night, 1994",,,,
"Northern Fury 29 - Somethings Fishy, 1994.ini",True,scenario_units_patch,"Northern Fury 29 - Somethings Fishy, 1994",,,,
"Northern Fury 3 - Dagger to the Heart, 1994.ini",True,scenario_units_patch,"Northern Fury 3 - Dagger to the Heart, 1994",,,,
"Northern Fury 30 - Lance to the Chest, 1994.ini",True,scenario_units_patch,"Northern Fury 30 - Lance to the Chest, 1994",,,,
"Northern Fury 31 - Shield of Faith, 1994.ini",False,scenario_units_patch,"Northern Fury 31 - Shield of Faith, 1994",,,,
"Northern Fury 32 - Sneak _ Peek, 1994.ini",False,scenario_units_patch,"Northern Fury 32 - Sneak _ Peek, 1994",,,,
Northern Fury 33 - Into the night! 1994.ini,False,scenario_units_patch,Northern Fury 33 - Into the night! 1994,,,,
"Northern Fury 34 - The Longest Battle, 1994.ini",True,scenario_units_patch,"Northern Fury 34 - The Longest Battle, 1994",,,,
"Northern Fury 35 - Shoulder to Shoulder, 1994.ini",True,scenario_units_patch,"Northern Fury 35 - Shoulder to Shoulder, 1994",,,,
"Northern Fury 36 - Wrestling an Octopus, 1994.ini",True,scenario_units_patch,"Northern Fury 36 - Wrestling an Octopus, 1994",,,,
"Northern Fury 37 - Charge of the Light Brigade, 1994.ini",True,scenario_units_patch,"Northern Fury 37 - Charge of the Light Brigade, 1994",,,,
"Northern Fury 38 - Hammer, 1994.ini",True,scenario_units_patch,"Northern Fury 38 - Hammer, 1994",,,,
"Northern Fury 39 - Anvil, 1994.ini",True,scenario_units_patch,"Northern Fury 39 - Anvil, 1994",,,,
"Northern Fury 4 - A Cold and lonely Place, 1994.ini",True,scenario_units_patch,"Northern Fury 4 - A Cold and lonely Place, 1994",,,,
"Northern Fury 40 - Tongs, 1994.ini",True,scenario_units_patch,"Northern Fury 40 - Tongs, 1994",,,,
"Northern Fury 41 - Tour de Force, 1994.ini",True,scenario_units_patch,"Northern Fury 41 - Tour de Force, 1994",,,,
"Northern Fury 42 - Blast from the Past, 1994.ini",True,scenario_units_patch,"Northern Fury 42 - Blast from the Past, 1994",,,,
"Northern Fury 43 - Red Devils, 1994.ini",True,scenario_units_patch,"Northern Fury 43 - Red Devils, 1994",,,,
"Northern Fury 44 - Into the Bastion, 1994.ini",True,scenario_units_patch,"Northern Fury 44 - Into the Bastion, 1994",,,,
"Northern Fury 45 - A Rock on the Beach, 1994.ini",True,scenario_units_patch,"Northern Fury 45 - A Rock on the Beach, 1994",,,,
"Northern Fury 5 - Bardufoss Blues, 1994.ini",True,scenario_units_patch,"Northern Fury 5 - Bardufoss Blues, 1994",,,,
"Northern Fury 6 - Trondheim Express, 1994.ini",True,scenario_units_patch,"Northern Fury 6 - Trondheim Express, 1994",,,,
"Northern Fury 7 - Keflavik Capers, 1994.ini",True,scenario_units_patch,"Northern Fury 7 - Keflavik Capers, 1994",,,,
"Northern Fury 8 - Plug the Gap, 1994.ini",True,scenario_units_patch,"Northern Fury 8 - Plug the Gap, 1994",,,,
"Northern Fury 9 - Hold the Line, 1994.ini",True,scenario_units_patch,"Northern Fury 9 - Hold the Line, 1994",,,,
"Baltic Fury 1 - Storm the Gates!, 1994.ini",True,scenario_units_patch,"Baltic Fury 1 - Storm the Gates!, 1994",,,,
"Baltic Fury 2 - Borscht in Bornholm, 1994.ini",True,scenario_units_patch,"Baltic Fury 2 - Borscht in Bornholm, 1994",,,,
"Baltic Fury 3 - Warsaw Uprising, 1994.ini",True,scenario_units_patch,"Baltic Fury 3 - Warsaw Uprising, 1994",,,,
"Baltic Fury 4 - Ride of the Valkyries, 1994.ini",True,scenario_units_patch,"Baltic Fury 4 - Ride of the Valkyries, 1994",,,,
"Baltic Fury 5 - Ivans March Across the Belts, 1994.ini",True,scenario_units_patch,"Baltic Fury 5 - Ivans March Across the Belts, 1994",,,,
"Caribbean Fury 1 - Hot Tamales, 1994.ini",True,scenario_units_patch,"Caribbean Fury 1 - Hot Tamales, 1994",,,,
"Caribbean Fury 2 - Retribution!, 1994.ini",True,scenario_units_patch,"Caribbean Fury 2 - Retribution!, 1994",,,,
"Caribbean Fury 3 - Rumble in the Jungle, 1994.ini",True,scenario_units_patch,"Caribbean Fury 3 - Rumble in the Jungle, 1994",,,,
"Caribbean Fury 4 - Show of Force, 1994.ini",True,scenario_units_patch,"Caribbean Fury 4 - Show of Force, 1994",,,,
"Caribbean Fury 5 - Caribbean Cruise, 1994.ini",True,scenario_units_patch,"Caribbean Fury 5 - Caribbean Cruise, 1994",,,,
"Indian Fury 1 - Persian Pounce, 1994.ini",True,scenario_units_patch,"Indian Fury 1 - Persian Pounce, 1994",,,,
"Indian Fury 2 - Mozambique Madness, 1994.ini",True,scenario_units_patch,"Indian Fury 2 - Mozambique Madness, 1994",,,,
"Indian Fury 3 - Socotra Scramble, 1994.ini",True,scenario_units_patch,"Indian Fury 3 - Socotra Scramble, 1994",,,,
"Indian Fury 4 - The Gate of Tears, 1994.ini",True,scenario_units_patch,"Indian Fury 4 - The Gate of Tears, 1994",,,,
"Indian Fury 5 - Hormuz Hoedown, 1994.ini",True,scenario_units_patch,"Indian Fury 5 - Hormuz Hoedown, 1994",,,,
"Indian Fury 6 - Into the Breach, 1994.ini",True,scenario_units_patch,"Indian Fury 6 - Into the Breach, 1994",,,,
"Indian Fury 7 - Deep Strike, 1994.ini",True,scenario_units_patch,"Indian Fury 7 - Deep Strike, 1994",,,,
"Indian Fury 8 - Red Sea Rumble, 1994.ini",True,scenario_units_patch,"Indian Fury 8 - Red Sea Rumble, 1994",,,,
"Mediterranean Fury 1 - The Road to Byzantium, 1994.ini",True,scenario_units_patch,"Mediterranean Fury 1 - The Road to Byzantium, 1994",,,,
"Mediterranean Fury 2 - Syrian Surprise, 1994.ini",True,scenario_units_patch,"Mediterranean Fury 2 - Syrian Surprise, 1994",,,,
"Mediterranean Fury 3 - Casbah Crunch, 1994.ini",True,scenario_units_patch,"Mediterranean Fury 3 - Casbah Crunch, 1994",,,,
"Mediterranean Fury 4 - Secure the Flank, 1994.ini",True,scenario_units_patch,"Mediterranean Fury 4 - Secure the Flank, 1994",,,,
"Mediterranean Fury 5 - Serbia Right!, 1994.ini",True,scenario_units_patch,"Mediterranean Fury 5 - Serbia Right!, 1994",,,,
"Mediterranean Fury 6 - Hammer to Fall, 1994.ini",True,scenario_units_patch,"Mediterranean Fury 6 - Hammer to Fall, 1994",,,,
"Mediterranean Fury 7 - Under Pressure, 1994.ini",True,scenario_units_patch,"Mediterranean Fury 7 - Under Pressure, 1994",,,,
"Pacific Fury 1 - Bolt from the Blue, 1994.ini",True,scenario_units_patch,"Pacific Fury 1 - Bolt from the Blue, 1994",,,,
"Pacific Fury 2 - Bombeska on Hokkaido, 1994.ini",True,scenario_units_patch,"Pacific Fury 2 - Bombeska on Hokkaido, 1994",,,,
"Pacific Fury 3 - Caught Flat Footed, 1994.ini",True,scenario_units_patch,"Pacific Fury 3 - Caught Flat Footed, 1994",,,,
"Pacific Fury 4 - I Come from a Land Down Under, 1994.ini",True,scenario_units_patch,"Pacific Fury 4 - I Come from a Land Down Under, 1994",,,,
"Pacific Fury 5 - Shemya Shakedown, 1994.ini",True,scenario_units_patch,"Pacific Fury 5 - Shemya Shakedown, 1994",,,,
"Pacific Fury 6 - Priorities, 1994.ini",True,scenario_units_patch,"Pacific Fury 6 - Priorities, 1994",,,,
